"LOCATION","INDICATOR","SUBJECT","MEASURE","FREQUENCY","TIME","Value","Flag Codes"
"USA","CPI","TOT","IDX2015","M",1955-01-01,11.26501,NA
"USA","CPI","TOT","IDX2015","M",1955-02-01,11.26501,NA
"USA","CPI","TOT","IDX2015","M",1955-03-01,11.26501,NA
"USA","CPI","TOT","IDX2015","M",1955-04-01,11.26501,NA
"USA","CPI","TOT","IDX2015","M",1955-05-01,11.26501,NA
"USA","CPI","TOT","IDX2015","M",1955-06-01,11.26501,NA
"USA","CPI","TOT","IDX2015","M",1955-07-01,11.30721,NA
"USA","CPI","TOT","IDX2015","M",1955-08-01,11.30721,NA
"USA","CPI","TOT","IDX2015","M",1955-09-01,11.3494,NA
"USA","CPI","TOT","IDX2015","M",1955-10-01,11.3494,NA
"USA","CPI","TOT","IDX2015","M",1955-11-01,11.3494,NA
"USA","CPI","TOT","IDX2015","M",1955-12-01,11.30721,NA
"USA","CPI","TOT","IDX2015","M",1956-01-01,11.30721,NA
"USA","CPI","TOT","IDX2015","M",1956-02-01,11.30721,NA
"USA","CPI","TOT","IDX2015","M",1956-03-01,11.30721,NA
"USA","CPI","TOT","IDX2015","M",1956-04-01,11.3494,NA
"USA","CPI","TOT","IDX2015","M",1956-05-01,11.39159,NA
"USA","CPI","TOT","IDX2015","M",1956-06-01,11.47597,NA
"USA","CPI","TOT","IDX2015","M",1956-07-01,11.56035,NA
"USA","CPI","TOT","IDX2015","M",1956-08-01,11.51816,NA
"USA","CPI","TOT","IDX2015","M",1956-09-01,11.56035,NA
"USA","CPI","TOT","IDX2015","M",1956-10-01,11.60254,NA
"USA","CPI","TOT","IDX2015","M",1956-11-01,11.60254,NA
"USA","CPI","TOT","IDX2015","M",1956-12-01,11.64473,NA
"USA","CPI","TOT","IDX2015","M",1957-01-01,11.64473,NA
"USA","CPI","TOT","IDX2015","M",1957-02-01,11.68692,NA
"USA","CPI","TOT","IDX2015","M",1957-03-01,11.72912,NA
"USA","CPI","TOT","IDX2015","M",1957-04-01,11.77131,NA
"USA","CPI","TOT","IDX2015","M",1957-05-01,11.8135,NA
"USA","CPI","TOT","IDX2015","M",1957-06-01,11.85569,NA
"USA","CPI","TOT","IDX2015","M",1957-07-01,11.94007,NA
"USA","CPI","TOT","IDX2015","M",1957-08-01,11.94007,NA
"USA","CPI","TOT","IDX2015","M",1957-09-01,11.94007,NA
"USA","CPI","TOT","IDX2015","M",1957-10-01,11.94007,NA
"USA","CPI","TOT","IDX2015","M",1957-11-01,11.98226,NA
"USA","CPI","TOT","IDX2015","M",1957-12-01,11.98226,NA
"USA","CPI","TOT","IDX2015","M",1958-01-01,12.06664,NA
"USA","CPI","TOT","IDX2015","M",1958-02-01,12.06664,NA
"USA","CPI","TOT","IDX2015","M",1958-03-01,12.15103,NA
"USA","CPI","TOT","IDX2015","M",1958-04-01,12.19322,NA
"USA","CPI","TOT","IDX2015","M",1958-05-01,12.19322,NA
"USA","CPI","TOT","IDX2015","M",1958-06-01,12.19322,NA
"USA","CPI","TOT","IDX2015","M",1958-07-01,12.23541,NA
"USA","CPI","TOT","IDX2015","M",1958-08-01,12.19322,NA
"USA","CPI","TOT","IDX2015","M",1958-09-01,12.19322,NA
"USA","CPI","TOT","IDX2015","M",1958-10-01,12.19322,NA
"USA","CPI","TOT","IDX2015","M",1958-11-01,12.23541,NA
"USA","CPI","TOT","IDX2015","M",1958-12-01,12.19322,NA
"USA","CPI","TOT","IDX2015","M",1959-01-01,12.23541,NA
"USA","CPI","TOT","IDX2015","M",1959-02-01,12.19322,NA
"USA","CPI","TOT","IDX2015","M",1959-03-01,12.19322,NA
"USA","CPI","TOT","IDX2015","M",1959-04-01,12.23541,NA
"USA","CPI","TOT","IDX2015","M",1959-05-01,12.23541,NA
"USA","CPI","TOT","IDX2015","M",1959-06-01,12.2776,NA
"USA","CPI","TOT","IDX2015","M",1959-07-01,12.31979,NA
"USA","CPI","TOT","IDX2015","M",1959-08-01,12.31979,NA
"USA","CPI","TOT","IDX2015","M",1959-09-01,12.36198,NA
"USA","CPI","TOT","IDX2015","M",1959-10-01,12.40417,NA
"USA","CPI","TOT","IDX2015","M",1959-11-01,12.40417,NA
"USA","CPI","TOT","IDX2015","M",1959-12-01,12.40417,NA
"USA","CPI","TOT","IDX2015","M",1960-01-01,12.36198,NA
"USA","CPI","TOT","IDX2015","M",1960-02-01,12.40417,NA
"USA","CPI","TOT","IDX2015","M",1960-03-01,12.40417,NA
"USA","CPI","TOT","IDX2015","M",1960-04-01,12.44636,NA
"USA","CPI","TOT","IDX2015","M",1960-05-01,12.44636,NA
"USA","CPI","TOT","IDX2015","M",1960-06-01,12.48856,NA
"USA","CPI","TOT","IDX2015","M",1960-07-01,12.48856,NA
"USA","CPI","TOT","IDX2015","M",1960-08-01,12.48856,NA
"USA","CPI","TOT","IDX2015","M",1960-09-01,12.48856,NA
"USA","CPI","TOT","IDX2015","M",1960-10-01,12.57294,NA
"USA","CPI","TOT","IDX2015","M",1960-11-01,12.57294,NA
"USA","CPI","TOT","IDX2015","M",1960-12-01,12.57294,NA
"USA","CPI","TOT","IDX2015","M",1961-01-01,12.57294,NA
"USA","CPI","TOT","IDX2015","M",1961-02-01,12.57294,NA
"USA","CPI","TOT","IDX2015","M",1961-03-01,12.57294,NA
"USA","CPI","TOT","IDX2015","M",1961-04-01,12.57294,NA
"USA","CPI","TOT","IDX2015","M",1961-05-01,12.57294,NA
"USA","CPI","TOT","IDX2015","M",1961-06-01,12.57294,NA
"USA","CPI","TOT","IDX2015","M",1961-07-01,12.65732,NA
"USA","CPI","TOT","IDX2015","M",1961-08-01,12.61513,NA
"USA","CPI","TOT","IDX2015","M",1961-09-01,12.65732,NA
"USA","CPI","TOT","IDX2015","M",1961-10-01,12.65732,NA
"USA","CPI","TOT","IDX2015","M",1961-11-01,12.65732,NA
"USA","CPI","TOT","IDX2015","M",1961-12-01,12.65732,NA
"USA","CPI","TOT","IDX2015","M",1962-01-01,12.65732,NA
"USA","CPI","TOT","IDX2015","M",1962-02-01,12.69951,NA
"USA","CPI","TOT","IDX2015","M",1962-03-01,12.69951,NA
"USA","CPI","TOT","IDX2015","M",1962-04-01,12.7417,NA
"USA","CPI","TOT","IDX2015","M",1962-05-01,12.7417,NA
"USA","CPI","TOT","IDX2015","M",1962-06-01,12.7417,NA
"USA","CPI","TOT","IDX2015","M",1962-07-01,12.78389,NA
"USA","CPI","TOT","IDX2015","M",1962-08-01,12.78389,NA
"USA","CPI","TOT","IDX2015","M",1962-09-01,12.82608,NA
"USA","CPI","TOT","IDX2015","M",1962-10-01,12.82608,NA
"USA","CPI","TOT","IDX2015","M",1962-11-01,12.82608,NA
"USA","CPI","TOT","IDX2015","M",1962-12-01,12.82608,NA
"USA","CPI","TOT","IDX2015","M",1963-01-01,12.82608,NA
"USA","CPI","TOT","IDX2015","M",1963-02-01,12.82608,NA
"USA","CPI","TOT","IDX2015","M",1963-03-01,12.86828,NA
"USA","CPI","TOT","IDX2015","M",1963-04-01,12.86828,NA
"USA","CPI","TOT","IDX2015","M",1963-05-01,12.86828,NA
"USA","CPI","TOT","IDX2015","M",1963-06-01,12.91047,NA
"USA","CPI","TOT","IDX2015","M",1963-07-01,12.95266,NA
"USA","CPI","TOT","IDX2015","M",1963-08-01,12.95266,NA
"USA","CPI","TOT","IDX2015","M",1963-09-01,12.95266,NA
"USA","CPI","TOT","IDX2015","M",1963-10-01,12.99485,NA
"USA","CPI","TOT","IDX2015","M",1963-11-01,12.99485,NA
"USA","CPI","TOT","IDX2015","M",1963-12-01,13.03704,NA
"USA","CPI","TOT","IDX2015","M",1964-01-01,13.03704,NA
"USA","CPI","TOT","IDX2015","M",1964-02-01,13.03704,NA
"USA","CPI","TOT","IDX2015","M",1964-03-01,13.03704,NA
"USA","CPI","TOT","IDX2015","M",1964-04-01,13.03704,NA
"USA","CPI","TOT","IDX2015","M",1964-05-01,13.03704,NA
"USA","CPI","TOT","IDX2015","M",1964-06-01,13.07923,NA
"USA","CPI","TOT","IDX2015","M",1964-07-01,13.12142,NA
"USA","CPI","TOT","IDX2015","M",1964-08-01,13.07923,NA
"USA","CPI","TOT","IDX2015","M",1964-09-01,13.12142,NA
"USA","CPI","TOT","IDX2015","M",1964-10-01,13.12142,NA
"USA","CPI","TOT","IDX2015","M",1964-11-01,13.16361,NA
"USA","CPI","TOT","IDX2015","M",1964-12-01,13.16361,NA
"USA","CPI","TOT","IDX2015","M",1965-01-01,13.16361,NA
"USA","CPI","TOT","IDX2015","M",1965-02-01,13.16361,NA
"USA","CPI","TOT","IDX2015","M",1965-03-01,13.2058,NA
"USA","CPI","TOT","IDX2015","M",1965-04-01,13.24799,NA
"USA","CPI","TOT","IDX2015","M",1965-05-01,13.24799,NA
"USA","CPI","TOT","IDX2015","M",1965-06-01,13.33238,NA
"USA","CPI","TOT","IDX2015","M",1965-07-01,13.33238,NA
"USA","CPI","TOT","IDX2015","M",1965-08-01,13.33238,NA
"USA","CPI","TOT","IDX2015","M",1965-09-01,13.33238,NA
"USA","CPI","TOT","IDX2015","M",1965-10-01,13.37457,NA
"USA","CPI","TOT","IDX2015","M",1965-11-01,13.37457,NA
"USA","CPI","TOT","IDX2015","M",1965-12-01,13.41676,NA
"USA","CPI","TOT","IDX2015","M",1966-01-01,13.41676,NA
"USA","CPI","TOT","IDX2015","M",1966-02-01,13.50114,NA
"USA","CPI","TOT","IDX2015","M",1966-03-01,13.54333,NA
"USA","CPI","TOT","IDX2015","M",1966-04-01,13.62771,NA
"USA","CPI","TOT","IDX2015","M",1966-05-01,13.62771,NA
"USA","CPI","TOT","IDX2015","M",1966-06-01,13.66991,NA
"USA","CPI","TOT","IDX2015","M",1966-07-01,13.7121,NA
"USA","CPI","TOT","IDX2015","M",1966-08-01,13.79648,NA
"USA","CPI","TOT","IDX2015","M",1966-09-01,13.79648,NA
"USA","CPI","TOT","IDX2015","M",1966-10-01,13.88086,NA
"USA","CPI","TOT","IDX2015","M",1966-11-01,13.88086,NA
"USA","CPI","TOT","IDX2015","M",1966-12-01,13.88086,NA
"USA","CPI","TOT","IDX2015","M",1967-01-01,13.88086,NA
"USA","CPI","TOT","IDX2015","M",1967-02-01,13.88086,NA
"USA","CPI","TOT","IDX2015","M",1967-03-01,13.92305,NA
"USA","CPI","TOT","IDX2015","M",1967-04-01,13.96524,NA
"USA","CPI","TOT","IDX2015","M",1967-05-01,14.00743,NA
"USA","CPI","TOT","IDX2015","M",1967-06-01,14.04963,NA
"USA","CPI","TOT","IDX2015","M",1967-07-01,14.09182,NA
"USA","CPI","TOT","IDX2015","M",1967-08-01,14.13401,NA
"USA","CPI","TOT","IDX2015","M",1967-09-01,14.1762,NA
"USA","CPI","TOT","IDX2015","M",1967-10-01,14.21839,NA
"USA","CPI","TOT","IDX2015","M",1967-11-01,14.26058,NA
"USA","CPI","TOT","IDX2015","M",1967-12-01,14.30277,NA
"USA","CPI","TOT","IDX2015","M",1968-01-01,14.38715,NA
"USA","CPI","TOT","IDX2015","M",1968-02-01,14.42935,NA
"USA","CPI","TOT","IDX2015","M",1968-03-01,14.47154,NA
"USA","CPI","TOT","IDX2015","M",1968-04-01,14.51373,NA
"USA","CPI","TOT","IDX2015","M",1968-05-01,14.55592,NA
"USA","CPI","TOT","IDX2015","M",1968-06-01,14.6403,NA
"USA","CPI","TOT","IDX2015","M",1968-07-01,14.72468,NA
"USA","CPI","TOT","IDX2015","M",1968-08-01,14.76687,NA
"USA","CPI","TOT","IDX2015","M",1968-09-01,14.80906,NA
"USA","CPI","TOT","IDX2015","M",1968-10-01,14.89345,NA
"USA","CPI","TOT","IDX2015","M",1968-11-01,14.93564,NA
"USA","CPI","TOT","IDX2015","M",1968-12-01,14.97783,NA
"USA","CPI","TOT","IDX2015","M",1969-01-01,15.02002,NA
"USA","CPI","TOT","IDX2015","M",1969-02-01,15.1044,NA
"USA","CPI","TOT","IDX2015","M",1969-03-01,15.23098,NA
"USA","CPI","TOT","IDX2015","M",1969-04-01,15.31536,NA
"USA","CPI","TOT","IDX2015","M",1969-05-01,15.35755,NA
"USA","CPI","TOT","IDX2015","M",1969-06-01,15.44193,NA
"USA","CPI","TOT","IDX2015","M",1969-07-01,15.52631,NA
"USA","CPI","TOT","IDX2015","M",1969-08-01,15.61069,NA
"USA","CPI","TOT","IDX2015","M",1969-09-01,15.65289,NA
"USA","CPI","TOT","IDX2015","M",1969-10-01,15.73727,NA
"USA","CPI","TOT","IDX2015","M",1969-11-01,15.82165,NA
"USA","CPI","TOT","IDX2015","M",1969-12-01,15.90603,NA
"USA","CPI","TOT","IDX2015","M",1970-01-01,15.94822,NA
"USA","CPI","TOT","IDX2015","M",1970-02-01,16.03261,NA
"USA","CPI","TOT","IDX2015","M",1970-03-01,16.11699,NA
"USA","CPI","TOT","IDX2015","M",1970-04-01,16.24356,NA
"USA","CPI","TOT","IDX2015","M",1970-05-01,16.28575,NA
"USA","CPI","TOT","IDX2015","M",1970-06-01,16.37013,NA
"USA","CPI","TOT","IDX2015","M",1970-07-01,16.45452,NA
"USA","CPI","TOT","IDX2015","M",1970-08-01,16.45452,NA
"USA","CPI","TOT","IDX2015","M",1970-09-01,16.5389,NA
"USA","CPI","TOT","IDX2015","M",1970-10-01,16.62328,NA
"USA","CPI","TOT","IDX2015","M",1970-11-01,16.70766,NA
"USA","CPI","TOT","IDX2015","M",1970-12-01,16.79204,NA
"USA","CPI","TOT","IDX2015","M",1971-01-01,16.79204,NA
"USA","CPI","TOT","IDX2015","M",1971-02-01,16.83424,NA
"USA","CPI","TOT","IDX2015","M",1971-03-01,16.87643,NA
"USA","CPI","TOT","IDX2015","M",1971-04-01,16.91862,NA
"USA","CPI","TOT","IDX2015","M",1971-05-01,17.003,NA
"USA","CPI","TOT","IDX2015","M",1971-06-01,17.12957,NA
"USA","CPI","TOT","IDX2015","M",1971-07-01,17.17176,NA
"USA","CPI","TOT","IDX2015","M",1971-08-01,17.21395,NA
"USA","CPI","TOT","IDX2015","M",1971-09-01,17.21395,NA
"USA","CPI","TOT","IDX2015","M",1971-10-01,17.25615,NA
"USA","CPI","TOT","IDX2015","M",1971-11-01,17.25615,NA
"USA","CPI","TOT","IDX2015","M",1971-12-01,17.34053,NA
"USA","CPI","TOT","IDX2015","M",1972-01-01,17.34053,NA
"USA","CPI","TOT","IDX2015","M",1972-02-01,17.42491,NA
"USA","CPI","TOT","IDX2015","M",1972-03-01,17.4671,NA
"USA","CPI","TOT","IDX2015","M",1972-04-01,17.50929,NA
"USA","CPI","TOT","IDX2015","M",1972-05-01,17.55148,NA
"USA","CPI","TOT","IDX2015","M",1972-06-01,17.59368,NA
"USA","CPI","TOT","IDX2015","M",1972-07-01,17.67806,NA
"USA","CPI","TOT","IDX2015","M",1972-08-01,17.72025,NA
"USA","CPI","TOT","IDX2015","M",1972-09-01,17.76244,NA
"USA","CPI","TOT","IDX2015","M",1972-10-01,17.84682,NA
"USA","CPI","TOT","IDX2015","M",1972-11-01,17.88901,NA
"USA","CPI","TOT","IDX2015","M",1972-12-01,17.9312,NA
"USA","CPI","TOT","IDX2015","M",1973-01-01,17.97339,NA
"USA","CPI","TOT","IDX2015","M",1973-02-01,18.09997,NA
"USA","CPI","TOT","IDX2015","M",1973-03-01,18.26873,NA
"USA","CPI","TOT","IDX2015","M",1973-04-01,18.39531,NA
"USA","CPI","TOT","IDX2015","M",1973-05-01,18.52188,NA
"USA","CPI","TOT","IDX2015","M",1973-06-01,18.64845,NA
"USA","CPI","TOT","IDX2015","M",1973-07-01,18.69064,NA
"USA","CPI","TOT","IDX2015","M",1973-08-01,19.02817,NA
"USA","CPI","TOT","IDX2015","M",1973-09-01,19.07036,NA
"USA","CPI","TOT","IDX2015","M",1973-10-01,19.23913,NA
"USA","CPI","TOT","IDX2015","M",1973-11-01,19.3657,NA
"USA","CPI","TOT","IDX2015","M",1973-12-01,19.49227,NA
"USA","CPI","TOT","IDX2015","M",1974-01-01,19.66104,NA
"USA","CPI","TOT","IDX2015","M",1974-02-01,19.91418,NA
"USA","CPI","TOT","IDX2015","M",1974-03-01,20.16733,NA
"USA","CPI","TOT","IDX2015","M",1974-04-01,20.25171,NA
"USA","CPI","TOT","IDX2015","M",1974-05-01,20.50486,NA
"USA","CPI","TOT","IDX2015","M",1974-06-01,20.67362,NA
"USA","CPI","TOT","IDX2015","M",1974-07-01,20.84239,NA
"USA","CPI","TOT","IDX2015","M",1974-08-01,21.09553,NA
"USA","CPI","TOT","IDX2015","M",1974-09-01,21.34868,NA
"USA","CPI","TOT","IDX2015","M",1974-10-01,21.55964,NA
"USA","CPI","TOT","IDX2015","M",1974-11-01,21.7284,NA
"USA","CPI","TOT","IDX2015","M",1974-12-01,21.89716,NA
"USA","CPI","TOT","IDX2015","M",1975-01-01,21.98155,NA
"USA","CPI","TOT","IDX2015","M",1975-02-01,22.15031,NA
"USA","CPI","TOT","IDX2015","M",1975-03-01,22.23469,NA
"USA","CPI","TOT","IDX2015","M",1975-04-01,22.31907,NA
"USA","CPI","TOT","IDX2015","M",1975-05-01,22.44565,NA
"USA","CPI","TOT","IDX2015","M",1975-06-01,22.61441,NA
"USA","CPI","TOT","IDX2015","M",1975-07-01,22.86756,NA
"USA","CPI","TOT","IDX2015","M",1975-08-01,22.90975,NA
"USA","CPI","TOT","IDX2015","M",1975-09-01,23.03632,NA
"USA","CPI","TOT","IDX2015","M",1975-10-01,23.1629,NA
"USA","CPI","TOT","IDX2015","M",1975-11-01,23.33166,NA
"USA","CPI","TOT","IDX2015","M",1975-12-01,23.41604,NA
"USA","CPI","TOT","IDX2015","M",1976-01-01,23.45823,NA
"USA","CPI","TOT","IDX2015","M",1976-02-01,23.54262,NA
"USA","CPI","TOT","IDX2015","M",1976-03-01,23.58481,NA
"USA","CPI","TOT","IDX2015","M",1976-04-01,23.66919,NA
"USA","CPI","TOT","IDX2015","M",1976-05-01,23.83795,NA
"USA","CPI","TOT","IDX2015","M",1976-06-01,23.96453,NA
"USA","CPI","TOT","IDX2015","M",1976-07-01,24.0911,NA
"USA","CPI","TOT","IDX2015","M",1976-08-01,24.21767,NA
"USA","CPI","TOT","IDX2015","M",1976-09-01,24.30205,NA
"USA","CPI","TOT","IDX2015","M",1976-10-01,24.42863,NA
"USA","CPI","TOT","IDX2015","M",1976-11-01,24.47082,NA
"USA","CPI","TOT","IDX2015","M",1976-12-01,24.5552,NA
"USA","CPI","TOT","IDX2015","M",1977-01-01,24.68177,NA
"USA","CPI","TOT","IDX2015","M",1977-02-01,24.93492,NA
"USA","CPI","TOT","IDX2015","M",1977-03-01,25.10369,NA
"USA","CPI","TOT","IDX2015","M",1977-04-01,25.31464,NA
"USA","CPI","TOT","IDX2015","M",1977-05-01,25.44121,NA
"USA","CPI","TOT","IDX2015","M",1977-06-01,25.60998,NA
"USA","CPI","TOT","IDX2015","M",1977-07-01,25.73655,NA
"USA","CPI","TOT","IDX2015","M",1977-08-01,25.82093,NA
"USA","CPI","TOT","IDX2015","M",1977-09-01,25.90532,NA
"USA","CPI","TOT","IDX2015","M",1977-10-01,25.9897,NA
"USA","CPI","TOT","IDX2015","M",1977-11-01,26.11627,NA
"USA","CPI","TOT","IDX2015","M",1977-12-01,26.20065,NA
"USA","CPI","TOT","IDX2015","M",1978-01-01,26.36942,NA
"USA","CPI","TOT","IDX2015","M",1978-02-01,26.53818,NA
"USA","CPI","TOT","IDX2015","M",1978-03-01,26.74914,NA
"USA","CPI","TOT","IDX2015","M",1978-04-01,26.96009,NA
"USA","CPI","TOT","IDX2015","M",1978-05-01,27.21324,NA
"USA","CPI","TOT","IDX2015","M",1978-06-01,27.50858,NA
"USA","CPI","TOT","IDX2015","M",1978-07-01,27.71953,NA
"USA","CPI","TOT","IDX2015","M",1978-08-01,27.8461,NA
"USA","CPI","TOT","IDX2015","M",1978-09-01,28.05706,NA
"USA","CPI","TOT","IDX2015","M",1978-10-01,28.31021,NA
"USA","CPI","TOT","IDX2015","M",1978-11-01,28.43678,NA
"USA","CPI","TOT","IDX2015","M",1978-12-01,28.56335,NA
"USA","CPI","TOT","IDX2015","M",1979-01-01,28.8165,NA
"USA","CPI","TOT","IDX2015","M",1979-02-01,29.15403,NA
"USA","CPI","TOT","IDX2015","M",1979-03-01,29.44936,NA
"USA","CPI","TOT","IDX2015","M",1979-04-01,29.78689,NA
"USA","CPI","TOT","IDX2015","M",1979-05-01,30.16661,NA
"USA","CPI","TOT","IDX2015","M",1979-06-01,30.50414,NA
"USA","CPI","TOT","IDX2015","M",1979-07-01,30.84167,NA
"USA","CPI","TOT","IDX2015","M",1979-08-01,31.13701,NA
"USA","CPI","TOT","IDX2015","M",1979-09-01,31.47453,NA
"USA","CPI","TOT","IDX2015","M",1979-10-01,31.72768,NA
"USA","CPI","TOT","IDX2015","M",1979-11-01,32.02302,NA
"USA","CPI","TOT","IDX2015","M",1979-12-01,32.36055,NA
"USA","CPI","TOT","IDX2015","M",1980-01-01,32.82465,NA
"USA","CPI","TOT","IDX2015","M",1980-02-01,33.28875,NA
"USA","CPI","TOT","IDX2015","M",1980-03-01,33.79504,NA
"USA","CPI","TOT","IDX2015","M",1980-04-01,34.17476,NA
"USA","CPI","TOT","IDX2015","M",1980-05-01,34.51229,NA
"USA","CPI","TOT","IDX2015","M",1980-06-01,34.89201,NA
"USA","CPI","TOT","IDX2015","M",1980-07-01,34.89201,NA
"USA","CPI","TOT","IDX2015","M",1980-08-01,35.14516,NA
"USA","CPI","TOT","IDX2015","M",1980-09-01,35.44049,NA
"USA","CPI","TOT","IDX2015","M",1980-10-01,35.77802,NA
"USA","CPI","TOT","IDX2015","M",1980-11-01,36.07336,NA
"USA","CPI","TOT","IDX2015","M",1980-12-01,36.41089,NA
"USA","CPI","TOT","IDX2015","M",1981-01-01,36.70623,NA
"USA","CPI","TOT","IDX2015","M",1981-02-01,37.08595,NA
"USA","CPI","TOT","IDX2015","M",1981-03-01,37.33909,NA
"USA","CPI","TOT","IDX2015","M",1981-04-01,37.59224,NA
"USA","CPI","TOT","IDX2015","M",1981-05-01,37.88758,NA
"USA","CPI","TOT","IDX2015","M",1981-06-01,38.22511,NA
"USA","CPI","TOT","IDX2015","M",1981-07-01,38.64702,NA
"USA","CPI","TOT","IDX2015","M",1981-08-01,38.94236,NA
"USA","CPI","TOT","IDX2015","M",1981-09-01,39.32207,NA
"USA","CPI","TOT","IDX2015","M",1981-10-01,39.40646,NA
"USA","CPI","TOT","IDX2015","M",1981-11-01,39.53303,NA
"USA","CPI","TOT","IDX2015","M",1981-12-01,39.6596,NA
"USA","CPI","TOT","IDX2015","M",1982-01-01,39.78617,NA
"USA","CPI","TOT","IDX2015","M",1982-02-01,39.91275,NA
"USA","CPI","TOT","IDX2015","M",1982-03-01,39.87056,NA
"USA","CPI","TOT","IDX2015","M",1982-04-01,40.03932,NA
"USA","CPI","TOT","IDX2015","M",1982-05-01,40.41904,NA
"USA","CPI","TOT","IDX2015","M",1982-06-01,40.92533,NA
"USA","CPI","TOT","IDX2015","M",1982-07-01,41.13629,NA
"USA","CPI","TOT","IDX2015","M",1982-08-01,41.22067,NA
"USA","CPI","TOT","IDX2015","M",1982-09-01,41.30505,NA
"USA","CPI","TOT","IDX2015","M",1982-10-01,41.43163,NA
"USA","CPI","TOT","IDX2015","M",1982-11-01,41.34724,NA
"USA","CPI","TOT","IDX2015","M",1982-12-01,41.17848,NA
"USA","CPI","TOT","IDX2015","M",1983-01-01,41.26286,NA
"USA","CPI","TOT","IDX2015","M",1983-02-01,41.30505,NA
"USA","CPI","TOT","IDX2015","M",1983-03-01,41.30505,NA
"USA","CPI","TOT","IDX2015","M",1983-04-01,41.60039,NA
"USA","CPI","TOT","IDX2015","M",1983-05-01,41.85354,NA
"USA","CPI","TOT","IDX2015","M",1983-06-01,41.98011,NA
"USA","CPI","TOT","IDX2015","M",1983-07-01,42.14888,NA
"USA","CPI","TOT","IDX2015","M",1983-08-01,42.27545,NA
"USA","CPI","TOT","IDX2015","M",1983-09-01,42.4864,NA
"USA","CPI","TOT","IDX2015","M",1983-10-01,42.61298,NA
"USA","CPI","TOT","IDX2015","M",1983-11-01,42.69736,NA
"USA","CPI","TOT","IDX2015","M",1983-12-01,42.73955,NA
"USA","CPI","TOT","IDX2015","M",1984-01-01,42.99269,NA
"USA","CPI","TOT","IDX2015","M",1984-02-01,43.20365,NA
"USA","CPI","TOT","IDX2015","M",1984-03-01,43.28803,NA
"USA","CPI","TOT","IDX2015","M",1984-04-01,43.49899,NA
"USA","CPI","TOT","IDX2015","M",1984-05-01,43.62556,NA
"USA","CPI","TOT","IDX2015","M",1984-06-01,43.75214,NA
"USA","CPI","TOT","IDX2015","M",1984-07-01,43.9209,NA
"USA","CPI","TOT","IDX2015","M",1984-08-01,44.08966,NA
"USA","CPI","TOT","IDX2015","M",1984-09-01,44.30062,NA
"USA","CPI","TOT","IDX2015","M",1984-10-01,44.42719,NA
"USA","CPI","TOT","IDX2015","M",1984-11-01,44.42719,NA
"USA","CPI","TOT","IDX2015","M",1984-12-01,44.42719,NA
"USA","CPI","TOT","IDX2015","M",1985-01-01,44.51157,NA
"USA","CPI","TOT","IDX2015","M",1985-02-01,44.72253,NA
"USA","CPI","TOT","IDX2015","M",1985-03-01,44.8913,NA
"USA","CPI","TOT","IDX2015","M",1985-04-01,45.10225,NA
"USA","CPI","TOT","IDX2015","M",1985-05-01,45.27102,NA
"USA","CPI","TOT","IDX2015","M",1985-06-01,45.39759,NA
"USA","CPI","TOT","IDX2015","M",1985-07-01,45.48197,NA
"USA","CPI","TOT","IDX2015","M",1985-08-01,45.56635,NA
"USA","CPI","TOT","IDX2015","M",1985-09-01,45.69292,NA
"USA","CPI","TOT","IDX2015","M",1985-10-01,45.86169,NA
"USA","CPI","TOT","IDX2015","M",1985-11-01,45.98826,NA
"USA","CPI","TOT","IDX2015","M",1985-12-01,46.11483,NA
"USA","CPI","TOT","IDX2015","M",1986-01-01,46.24141,NA
"USA","CPI","TOT","IDX2015","M",1986-02-01,46.11483,NA
"USA","CPI","TOT","IDX2015","M",1986-03-01,45.90388,NA
"USA","CPI","TOT","IDX2015","M",1986-04-01,45.8195,NA
"USA","CPI","TOT","IDX2015","M",1986-05-01,45.94607,NA
"USA","CPI","TOT","IDX2015","M",1986-06-01,46.19922,NA
"USA","CPI","TOT","IDX2015","M",1986-07-01,46.19922,NA
"USA","CPI","TOT","IDX2015","M",1986-08-01,46.2836,NA
"USA","CPI","TOT","IDX2015","M",1986-09-01,46.49456,NA
"USA","CPI","TOT","IDX2015","M",1986-10-01,46.53675,NA
"USA","CPI","TOT","IDX2015","M",1986-11-01,46.57894,NA
"USA","CPI","TOT","IDX2015","M",1986-12-01,46.62113,NA
"USA","CPI","TOT","IDX2015","M",1987-01-01,46.91647,NA
"USA","CPI","TOT","IDX2015","M",1987-02-01,47.08523,NA
"USA","CPI","TOT","IDX2015","M",1987-03-01,47.29618,NA
"USA","CPI","TOT","IDX2015","M",1987-04-01,47.54933,NA
"USA","CPI","TOT","IDX2015","M",1987-05-01,47.7181,NA
"USA","CPI","TOT","IDX2015","M",1987-06-01,47.88686,NA
"USA","CPI","TOT","IDX2015","M",1987-07-01,48.01344,NA
"USA","CPI","TOT","IDX2015","M",1987-08-01,48.26658,NA
"USA","CPI","TOT","IDX2015","M",1987-09-01,48.51973,NA
"USA","CPI","TOT","IDX2015","M",1987-10-01,48.6463,NA
"USA","CPI","TOT","IDX2015","M",1987-11-01,48.68849,NA
"USA","CPI","TOT","IDX2015","M",1987-12-01,48.68849,NA
"USA","CPI","TOT","IDX2015","M",1988-01-01,48.81506,NA
"USA","CPI","TOT","IDX2015","M",1988-02-01,48.94164,NA
"USA","CPI","TOT","IDX2015","M",1988-03-01,49.15259,NA
"USA","CPI","TOT","IDX2015","M",1988-04-01,49.40574,NA
"USA","CPI","TOT","IDX2015","M",1988-05-01,49.5745,NA
"USA","CPI","TOT","IDX2015","M",1988-06-01,49.78546,NA
"USA","CPI","TOT","IDX2015","M",1988-07-01,49.99641,NA
"USA","CPI","TOT","IDX2015","M",1988-08-01,50.20737,NA
"USA","CPI","TOT","IDX2015","M",1988-09-01,50.5449,NA
"USA","CPI","TOT","IDX2015","M",1988-10-01,50.71366,NA
"USA","CPI","TOT","IDX2015","M",1988-11-01,50.75585,NA
"USA","CPI","TOT","IDX2015","M",1988-12-01,50.84024,NA
"USA","CPI","TOT","IDX2015","M",1989-01-01,51.09338,NA
"USA","CPI","TOT","IDX2015","M",1989-02-01,51.30434,NA
"USA","CPI","TOT","IDX2015","M",1989-03-01,51.59967,NA
"USA","CPI","TOT","IDX2015","M",1989-04-01,51.9372,NA
"USA","CPI","TOT","IDX2015","M",1989-05-01,52.23254,NA
"USA","CPI","TOT","IDX2015","M",1989-06-01,52.35911,NA
"USA","CPI","TOT","IDX2015","M",1989-07-01,52.48569,NA
"USA","CPI","TOT","IDX2015","M",1989-08-01,52.57007,NA
"USA","CPI","TOT","IDX2015","M",1989-09-01,52.73883,NA
"USA","CPI","TOT","IDX2015","M",1989-10-01,52.99198,NA
"USA","CPI","TOT","IDX2015","M",1989-11-01,53.11855,NA
"USA","CPI","TOT","IDX2015","M",1989-12-01,53.20293,NA
"USA","CPI","TOT","IDX2015","M",1990-01-01,53.75142,NA
"USA","CPI","TOT","IDX2015","M",1990-02-01,54.00457,NA
"USA","CPI","TOT","IDX2015","M",1990-03-01,54.2999,NA
"USA","CPI","TOT","IDX2015","M",1990-04-01,54.38428,NA
"USA","CPI","TOT","IDX2015","M",1990-05-01,54.51086,NA
"USA","CPI","TOT","IDX2015","M",1990-06-01,54.80619,NA
"USA","CPI","TOT","IDX2015","M",1990-07-01,55.01715,NA
"USA","CPI","TOT","IDX2015","M",1990-08-01,55.52345,NA
"USA","CPI","TOT","IDX2015","M",1990-09-01,55.98755,NA
"USA","CPI","TOT","IDX2015","M",1990-10-01,56.32507,NA
"USA","CPI","TOT","IDX2015","M",1990-11-01,56.45165,NA
"USA","CPI","TOT","IDX2015","M",1990-12-01,56.45165,NA
"USA","CPI","TOT","IDX2015","M",1991-01-01,56.78918,NA
"USA","CPI","TOT","IDX2015","M",1991-02-01,56.87356,NA
"USA","CPI","TOT","IDX2015","M",1991-03-01,56.95794,NA
"USA","CPI","TOT","IDX2015","M",1991-04-01,57.04232,NA
"USA","CPI","TOT","IDX2015","M",1991-05-01,57.21109,NA
"USA","CPI","TOT","IDX2015","M",1991-06-01,57.37985,NA
"USA","CPI","TOT","IDX2015","M",1991-07-01,57.46423,NA
"USA","CPI","TOT","IDX2015","M",1991-08-01,57.633,NA
"USA","CPI","TOT","IDX2015","M",1991-09-01,57.88614,NA
"USA","CPI","TOT","IDX2015","M",1991-10-01,57.97052,NA
"USA","CPI","TOT","IDX2015","M",1991-11-01,58.13929,NA
"USA","CPI","TOT","IDX2015","M",1991-12-01,58.18148,NA
"USA","CPI","TOT","IDX2015","M",1992-01-01,58.26586,NA
"USA","CPI","TOT","IDX2015","M",1992-02-01,58.47682,NA
"USA","CPI","TOT","IDX2015","M",1992-03-01,58.77216,NA
"USA","CPI","TOT","IDX2015","M",1992-04-01,58.85654,NA
"USA","CPI","TOT","IDX2015","M",1992-05-01,58.94092,NA
"USA","CPI","TOT","IDX2015","M",1992-06-01,59.15187,NA
"USA","CPI","TOT","IDX2015","M",1992-07-01,59.27845,NA
"USA","CPI","TOT","IDX2015","M",1992-08-01,59.44721,NA
"USA","CPI","TOT","IDX2015","M",1992-09-01,59.61598,NA
"USA","CPI","TOT","IDX2015","M",1992-10-01,59.82693,NA
"USA","CPI","TOT","IDX2015","M",1992-11-01,59.91132,NA
"USA","CPI","TOT","IDX2015","M",1992-12-01,59.86912,NA
"USA","CPI","TOT","IDX2015","M",1993-01-01,60.16446,NA
"USA","CPI","TOT","IDX2015","M",1993-02-01,60.37542,NA
"USA","CPI","TOT","IDX2015","M",1993-03-01,60.58637,NA
"USA","CPI","TOT","IDX2015","M",1993-04-01,60.75513,NA
"USA","CPI","TOT","IDX2015","M",1993-05-01,60.83952,NA
"USA","CPI","TOT","IDX2015","M",1993-06-01,60.9239,NA
"USA","CPI","TOT","IDX2015","M",1993-07-01,60.9239,NA
"USA","CPI","TOT","IDX2015","M",1993-08-01,61.09266,NA
"USA","CPI","TOT","IDX2015","M",1993-09-01,61.21924,NA
"USA","CPI","TOT","IDX2015","M",1993-10-01,61.47239,NA
"USA","CPI","TOT","IDX2015","M",1993-11-01,61.51458,NA
"USA","CPI","TOT","IDX2015","M",1993-12-01,61.51458,NA
"USA","CPI","TOT","IDX2015","M",1994-01-01,61.68334,NA
"USA","CPI","TOT","IDX2015","M",1994-02-01,61.89429,NA
"USA","CPI","TOT","IDX2015","M",1994-03-01,62.10525,NA
"USA","CPI","TOT","IDX2015","M",1994-04-01,62.18963,NA
"USA","CPI","TOT","IDX2015","M",1994-05-01,62.23182,NA
"USA","CPI","TOT","IDX2015","M",1994-06-01,62.44278,NA
"USA","CPI","TOT","IDX2015","M",1994-07-01,62.61154,NA
"USA","CPI","TOT","IDX2015","M",1994-08-01,62.86469,NA
"USA","CPI","TOT","IDX2015","M",1994-09-01,63.03345,NA
"USA","CPI","TOT","IDX2015","M",1994-10-01,63.07565,NA
"USA","CPI","TOT","IDX2015","M",1994-11-01,63.16003,NA
"USA","CPI","TOT","IDX2015","M",1994-12-01,63.16003,NA
"USA","CPI","TOT","IDX2015","M",1995-01-01,63.41317,NA
"USA","CPI","TOT","IDX2015","M",1995-02-01,63.66632,NA
"USA","CPI","TOT","IDX2015","M",1995-03-01,63.87727,NA
"USA","CPI","TOT","IDX2015","M",1995-04-01,64.08823,NA
"USA","CPI","TOT","IDX2015","M",1995-05-01,64.21481,NA
"USA","CPI","TOT","IDX2015","M",1995-06-01,64.34138,NA
"USA","CPI","TOT","IDX2015","M",1995-07-01,64.34138,NA
"USA","CPI","TOT","IDX2015","M",1995-08-01,64.51014,NA
"USA","CPI","TOT","IDX2015","M",1995-09-01,64.63671,NA
"USA","CPI","TOT","IDX2015","M",1995-10-01,64.84767,NA
"USA","CPI","TOT","IDX2015","M",1995-11-01,64.80548,NA
"USA","CPI","TOT","IDX2015","M",1995-12-01,64.76329,NA
"USA","CPI","TOT","IDX2015","M",1996-01-01,65.14301,NA
"USA","CPI","TOT","IDX2015","M",1996-02-01,65.35397,NA
"USA","CPI","TOT","IDX2015","M",1996-03-01,65.69149,NA
"USA","CPI","TOT","IDX2015","M",1996-04-01,65.94463,NA
"USA","CPI","TOT","IDX2015","M",1996-05-01,66.07121,NA
"USA","CPI","TOT","IDX2015","M",1996-06-01,66.1134,NA
"USA","CPI","TOT","IDX2015","M",1996-07-01,66.23997,NA
"USA","CPI","TOT","IDX2015","M",1996-08-01,66.36655,NA
"USA","CPI","TOT","IDX2015","M",1996-09-01,66.5775,NA
"USA","CPI","TOT","IDX2015","M",1996-10-01,66.78846,NA
"USA","CPI","TOT","IDX2015","M",1996-11-01,66.91503,NA
"USA","CPI","TOT","IDX2015","M",1996-12-01,66.91503,NA
"USA","CPI","TOT","IDX2015","M",1997-01-01,67.12598,NA
"USA","CPI","TOT","IDX2015","M",1997-02-01,67.33694,NA
"USA","CPI","TOT","IDX2015","M",1997-03-01,67.50571,NA
"USA","CPI","TOT","IDX2015","M",1997-04-01,67.59009,NA
"USA","CPI","TOT","IDX2015","M",1997-05-01,67.5479,NA
"USA","CPI","TOT","IDX2015","M",1997-06-01,67.63228,NA
"USA","CPI","TOT","IDX2015","M",1997-07-01,67.71666,NA
"USA","CPI","TOT","IDX2015","M",1997-08-01,67.84323,NA
"USA","CPI","TOT","IDX2015","M",1997-09-01,68.012,NA
"USA","CPI","TOT","IDX2015","M",1997-10-01,68.18076,NA
"USA","CPI","TOT","IDX2015","M",1997-11-01,68.13857,NA
"USA","CPI","TOT","IDX2015","M",1997-12-01,68.05419,NA
"USA","CPI","TOT","IDX2015","M",1998-01-01,68.18076,NA
"USA","CPI","TOT","IDX2015","M",1998-02-01,68.30733,NA
"USA","CPI","TOT","IDX2015","M",1998-03-01,68.43391,NA
"USA","CPI","TOT","IDX2015","M",1998-04-01,68.56049,NA
"USA","CPI","TOT","IDX2015","M",1998-05-01,68.68706,NA
"USA","CPI","TOT","IDX2015","M",1998-06-01,68.77144,NA
"USA","CPI","TOT","IDX2015","M",1998-07-01,68.85582,NA
"USA","CPI","TOT","IDX2015","M",1998-08-01,68.9402,NA
"USA","CPI","TOT","IDX2015","M",1998-09-01,69.02458,NA
"USA","CPI","TOT","IDX2015","M",1998-10-01,69.19335,NA
"USA","CPI","TOT","IDX2015","M",1998-11-01,69.19335,NA
"USA","CPI","TOT","IDX2015","M",1998-12-01,69.15116,NA
"USA","CPI","TOT","IDX2015","M",1999-01-01,69.31992,NA
"USA","CPI","TOT","IDX2015","M",1999-02-01,69.4043,NA
"USA","CPI","TOT","IDX2015","M",1999-03-01,69.61526,NA
"USA","CPI","TOT","IDX2015","M",1999-04-01,70.12155,NA
"USA","CPI","TOT","IDX2015","M",1999-05-01,70.12155,NA
"USA","CPI","TOT","IDX2015","M",1999-06-01,70.12155,NA
"USA","CPI","TOT","IDX2015","M",1999-07-01,70.3325,NA
"USA","CPI","TOT","IDX2015","M",1999-08-01,70.50127,NA
"USA","CPI","TOT","IDX2015","M",1999-09-01,70.8388,NA
"USA","CPI","TOT","IDX2015","M",1999-10-01,70.96537,NA
"USA","CPI","TOT","IDX2015","M",1999-11-01,71.00757,NA
"USA","CPI","TOT","IDX2015","M",1999-12-01,71.00757,NA
"USA","CPI","TOT","IDX2015","M",2000-01-01,71.21852,NA
"USA","CPI","TOT","IDX2015","M",2000-02-01,71.64043,NA
"USA","CPI","TOT","IDX2015","M",2000-03-01,72.2311,NA
"USA","CPI","TOT","IDX2015","M",2000-04-01,72.2733,NA
"USA","CPI","TOT","IDX2015","M",2000-05-01,72.35768,NA
"USA","CPI","TOT","IDX2015","M",2000-06-01,72.7374,NA
"USA","CPI","TOT","IDX2015","M",2000-07-01,72.90617,NA
"USA","CPI","TOT","IDX2015","M",2000-08-01,72.90617,NA
"USA","CPI","TOT","IDX2015","M",2000-09-01,73.28588,NA
"USA","CPI","TOT","IDX2015","M",2000-10-01,73.41245,NA
"USA","CPI","TOT","IDX2015","M",2000-11-01,73.45464,NA
"USA","CPI","TOT","IDX2015","M",2000-12-01,73.41245,NA
"USA","CPI","TOT","IDX2015","M",2001-01-01,73.87656,NA
"USA","CPI","TOT","IDX2015","M",2001-02-01,74.1719,NA
"USA","CPI","TOT","IDX2015","M",2001-03-01,74.34066,NA
"USA","CPI","TOT","IDX2015","M",2001-04-01,74.63599,NA
"USA","CPI","TOT","IDX2015","M",2001-05-01,74.97353,NA
"USA","CPI","TOT","IDX2015","M",2001-06-01,75.1001,NA
"USA","CPI","TOT","IDX2015","M",2001-07-01,74.88914,NA
"USA","CPI","TOT","IDX2015","M",2001-08-01,74.88914,NA
"USA","CPI","TOT","IDX2015","M",2001-09-01,75.22667,NA
"USA","CPI","TOT","IDX2015","M",2001-10-01,74.97353,NA
"USA","CPI","TOT","IDX2015","M",2001-11-01,74.84695,NA
"USA","CPI","TOT","IDX2015","M",2001-12-01,74.55161,NA
"USA","CPI","TOT","IDX2015","M",2002-01-01,74.72038,NA
"USA","CPI","TOT","IDX2015","M",2002-02-01,75.01572,NA
"USA","CPI","TOT","IDX2015","M",2002-03-01,75.43763,NA
"USA","CPI","TOT","IDX2015","M",2002-04-01,75.85954,NA
"USA","CPI","TOT","IDX2015","M",2002-05-01,75.85954,NA
"USA","CPI","TOT","IDX2015","M",2002-06-01,75.90173,NA
"USA","CPI","TOT","IDX2015","M",2002-07-01,75.98611,NA
"USA","CPI","TOT","IDX2015","M",2002-08-01,76.23926,NA
"USA","CPI","TOT","IDX2015","M",2002-09-01,76.36583,NA
"USA","CPI","TOT","IDX2015","M",2002-10-01,76.4924,NA
"USA","CPI","TOT","IDX2015","M",2002-11-01,76.4924,NA
"USA","CPI","TOT","IDX2015","M",2002-12-01,76.32364,NA
"USA","CPI","TOT","IDX2015","M",2003-01-01,76.66117,NA
"USA","CPI","TOT","IDX2015","M",2003-02-01,77.25185,NA
"USA","CPI","TOT","IDX2015","M",2003-03-01,77.71594,NA
"USA","CPI","TOT","IDX2015","M",2003-04-01,77.54718,NA
"USA","CPI","TOT","IDX2015","M",2003-05-01,77.42061,NA
"USA","CPI","TOT","IDX2015","M",2003-06-01,77.50499,NA
"USA","CPI","TOT","IDX2015","M",2003-07-01,77.58937,NA
"USA","CPI","TOT","IDX2015","M",2003-08-01,77.88471,NA
"USA","CPI","TOT","IDX2015","M",2003-09-01,78.13786,NA
"USA","CPI","TOT","IDX2015","M",2003-10-01,78.05347,NA
"USA","CPI","TOT","IDX2015","M",2003-11-01,77.84251,NA
"USA","CPI","TOT","IDX2015","M",2003-12-01,77.75813,NA
"USA","CPI","TOT","IDX2015","M",2004-01-01,78.13786,NA
"USA","CPI","TOT","IDX2015","M",2004-02-01,78.55977,NA
"USA","CPI","TOT","IDX2015","M",2004-03-01,79.06606,NA
"USA","CPI","TOT","IDX2015","M",2004-04-01,79.31921,NA
"USA","CPI","TOT","IDX2015","M",2004-05-01,79.78331,NA
"USA","CPI","TOT","IDX2015","M",2004-06-01,80.03645,NA
"USA","CPI","TOT","IDX2015","M",2004-07-01,79.90988,NA
"USA","CPI","TOT","IDX2015","M",2004-08-01,79.95207,NA
"USA","CPI","TOT","IDX2015","M",2004-09-01,80.12083,NA
"USA","CPI","TOT","IDX2015","M",2004-10-01,80.54275,NA
"USA","CPI","TOT","IDX2015","M",2004-11-01,80.58494,NA
"USA","CPI","TOT","IDX2015","M",2004-12-01,80.2896,NA
"USA","CPI","TOT","IDX2015","M",2005-01-01,80.45837,NA
"USA","CPI","TOT","IDX2015","M",2005-02-01,80.92246,NA
"USA","CPI","TOT","IDX2015","M",2005-03-01,81.55533,NA
"USA","CPI","TOT","IDX2015","M",2005-04-01,82.10381,NA
"USA","CPI","TOT","IDX2015","M",2005-05-01,82.01943,NA
"USA","CPI","TOT","IDX2015","M",2005-06-01,82.06162,NA
"USA","CPI","TOT","IDX2015","M",2005-07-01,82.44135,NA
"USA","CPI","TOT","IDX2015","M",2005-08-01,82.86325,NA
"USA","CPI","TOT","IDX2015","M",2005-09-01,83.87584,NA
"USA","CPI","TOT","IDX2015","M",2005-10-01,84.0446,NA
"USA","CPI","TOT","IDX2015","M",2005-11-01,83.36954,NA
"USA","CPI","TOT","IDX2015","M",2005-12-01,83.03202,NA
"USA","CPI","TOT","IDX2015","M",2006-01-01,83.66489,NA
"USA","CPI","TOT","IDX2015","M",2006-02-01,83.83365,NA
"USA","CPI","TOT","IDX2015","M",2006-03-01,84.29775,NA
"USA","CPI","TOT","IDX2015","M",2006-04-01,85.015,NA
"USA","CPI","TOT","IDX2015","M",2006-05-01,85.43691,NA
"USA","CPI","TOT","IDX2015","M",2006-06-01,85.60567,NA
"USA","CPI","TOT","IDX2015","M",2006-07-01,85.85882,NA
"USA","CPI","TOT","IDX2015","M",2006-08-01,86.02759,NA
"USA","CPI","TOT","IDX2015","M",2006-09-01,85.60567,NA
"USA","CPI","TOT","IDX2015","M",2006-10-01,85.14157,NA
"USA","CPI","TOT","IDX2015","M",2006-11-01,85.015,NA
"USA","CPI","TOT","IDX2015","M",2006-12-01,85.14157,NA
"USA","CPI","TOT","IDX2015","M",2007-01-01,85.40147,NA
"USA","CPI","TOT","IDX2015","M",2007-02-01,85.8584,NA
"USA","CPI","TOT","IDX2015","M",2007-03-01,86.6402,NA
"USA","CPI","TOT","IDX2015","M",2007-04-01,87.20303,NA
"USA","CPI","TOT","IDX2015","M",2007-05-01,87.7359,NA
"USA","CPI","TOT","IDX2015","M",2007-06-01,87.90593,NA
"USA","CPI","TOT","IDX2015","M",2007-07-01,87.88357,NA
"USA","CPI","TOT","IDX2015","M",2007-08-01,87.7224,NA
"USA","CPI","TOT","IDX2015","M",2007-09-01,87.96416,NA
"USA","CPI","TOT","IDX2015","M",2007-10-01,88.15233,NA
"USA","CPI","TOT","IDX2015","M",2007-11-01,88.67592,NA
"USA","CPI","TOT","IDX2015","M",2007-12-01,88.61642,NA
"USA","CPI","TOT","IDX2015","M",2008-01-01,89.0569,NA
"USA","CPI","TOT","IDX2015","M",2008-02-01,89.31554,NA
"USA","CPI","TOT","IDX2015","M",2008-03-01,90.08974,NA
"USA","CPI","TOT","IDX2015","M",2008-04-01,90.63612,NA
"USA","CPI","TOT","IDX2015","M",2008-05-01,91.39935,NA
"USA","CPI","TOT","IDX2015","M",2008-06-01,92.32038,NA
"USA","CPI","TOT","IDX2015","M",2008-07-01,92.80516,NA
"USA","CPI","TOT","IDX2015","M",2008-08-01,92.43472,NA
"USA","CPI","TOT","IDX2015","M",2008-09-01,92.30688,NA
"USA","CPI","TOT","IDX2015","M",2008-10-01,91.37446,NA
"USA","CPI","TOT","IDX2015","M",2008-11-01,89.62437,NA
"USA","CPI","TOT","IDX2015","M",2008-12-01,88.69743,NA
"USA","CPI","TOT","IDX2015","M",2009-01-01,89.08348,NA
"USA","CPI","TOT","IDX2015","M",2009-02-01,89.52649,NA
"USA","CPI","TOT","IDX2015","M",2009-03-01,89.74419,NA
"USA","CPI","TOT","IDX2015","M",2009-04-01,89.96823,NA
"USA","CPI","TOT","IDX2015","M",2009-05-01,90.22813,NA
"USA","CPI","TOT","IDX2015","M",2009-06-01,91.00317,NA
"USA","CPI","TOT","IDX2015","M",2009-07-01,90.85889,NA
"USA","CPI","TOT","IDX2015","M",2009-08-01,91.06267,NA
"USA","CPI","TOT","IDX2015","M",2009-09-01,91.11962,NA
"USA","CPI","TOT","IDX2015","M",2009-10-01,91.20738,NA
"USA","CPI","TOT","IDX2015","M",2009-11-01,91.27193,NA
"USA","CPI","TOT","IDX2015","M",2009-12-01,91.11118,NA
"USA","CPI","TOT","IDX2015","M",2010-01-01,91.42255,NA
"USA","CPI","TOT","IDX2015","M",2010-02-01,91.44534,NA
"USA","CPI","TOT","IDX2015","M",2010-03-01,91.82084,NA
"USA","CPI","TOT","IDX2015","M",2010-04-01,91.98032,NA
"USA","CPI","TOT","IDX2015","M",2010-05-01,92.05163,NA
"USA","CPI","TOT","IDX2015","M",2010-06-01,91.96176,NA
"USA","CPI","TOT","IDX2015","M",2010-07-01,91.98116,NA
"USA","CPI","TOT","IDX2015","M",2010-08-01,92.10816,NA
"USA","CPI","TOT","IDX2015","M",2010-09-01,92.16174,NA
"USA","CPI","TOT","IDX2015","M",2010-10-01,92.2765,NA
"USA","CPI","TOT","IDX2015","M",2010-11-01,92.31532,NA
"USA","CPI","TOT","IDX2015","M",2010-12-01,92.47396,NA
"USA","CPI","TOT","IDX2015","M",2011-01-01,92.91443,NA
"USA","CPI","TOT","IDX2015","M",2011-02-01,93.37263,NA
"USA","CPI","TOT","IDX2015","M",2011-03-01,94.28311,NA
"USA","CPI","TOT","IDX2015","M",2011-04-01,94.89024,NA
"USA","CPI","TOT","IDX2015","M",2011-05-01,95.33662,NA
"USA","CPI","TOT","IDX2015","M",2011-06-01,95.23452,NA
"USA","CPI","TOT","IDX2015","M",2011-07-01,95.3189,NA
"USA","CPI","TOT","IDX2015","M",2011-08-01,95.58175,NA
"USA","CPI","TOT","IDX2015","M",2011-09-01,95.72689,NA
"USA","CPI","TOT","IDX2015","M",2011-10-01,95.52943,NA
"USA","CPI","TOT","IDX2015","M",2011-11-01,95.44885,NA
"USA","CPI","TOT","IDX2015","M",2011-12-01,95.21342,NA
"USA","CPI","TOT","IDX2015","M",2012-01-01,95.63238,NA
"USA","CPI","TOT","IDX2015","M",2012-02-01,96.05344,NA
"USA","CPI","TOT","IDX2015","M",2012-03-01,96.78293,NA
"USA","CPI","TOT","IDX2015","M",2012-04-01,97.07532,NA
"USA","CPI","TOT","IDX2015","M",2012-05-01,96.9614,NA
"USA","CPI","TOT","IDX2015","M",2012-06-01,96.81921,NA
"USA","CPI","TOT","IDX2015","M",2012-07-01,96.66142,NA
"USA","CPI","TOT","IDX2015","M",2012-08-01,97.19936,NA
"USA","CPI","TOT","IDX2015","M",2012-09-01,97.63308,NA
"USA","CPI","TOT","IDX2015","M",2012-10-01,97.59511,NA
"USA","CPI","TOT","IDX2015","M",2012-11-01,97.1327,NA
"USA","CPI","TOT","IDX2015","M",2012-12-01,96.87111,NA
"USA","CPI","TOT","IDX2015","M",2013-01-01,97.15759,NA
"USA","CPI","TOT","IDX2015","M",2013-02-01,97.95331,NA
"USA","CPI","TOT","IDX2015","M",2013-03-01,98.20941,NA
"USA","CPI","TOT","IDX2015","M",2013-04-01,98.10731,NA
"USA","CPI","TOT","IDX2015","M",2013-05-01,98.28198,NA
"USA","CPI","TOT","IDX2015","M",2013-06-01,98.51783,NA
"USA","CPI","TOT","IDX2015","M",2013-07-01,98.55664,NA
"USA","CPI","TOT","IDX2015","M",2013-08-01,98.6752,NA
"USA","CPI","TOT","IDX2015","M",2013-09-01,98.78996,NA
"USA","CPI","TOT","IDX2015","M",2013-10-01,98.53555,NA
"USA","CPI","TOT","IDX2015","M",2013-11-01,98.3343,NA
"USA","CPI","TOT","IDX2015","M",2013-12-01,98.32586,NA
"USA","CPI","TOT","IDX2015","M",2014-01-01,98.69166,NA
"USA","CPI","TOT","IDX2015","M",2014-02-01,99.05661,NA
"USA","CPI","TOT","IDX2015","M",2014-03-01,99.69453,NA
"USA","CPI","TOT","IDX2015","M",2014-04-01,100.0232,NA
"USA","CPI","TOT","IDX2015","M",2014-05-01,100.3725,NA
"USA","CPI","TOT","IDX2015","M",2014-06-01,100.5595,NA
"USA","CPI","TOT","IDX2015","M",2014-07-01,100.5202,NA
"USA","CPI","TOT","IDX2015","M",2014-08-01,100.3523,NA
"USA","CPI","TOT","IDX2015","M",2014-09-01,100.4278,NA
"USA","CPI","TOT","IDX2015","M",2014-10-01,100.1755,NA
"USA","CPI","TOT","IDX2015","M",2014-11-01,99.63463,NA
"USA","CPI","TOT","IDX2015","M",2014-12-01,99.06969,NA
"USA","CPI","TOT","IDX2015","M",2015-01-01,98.60348,NA
"USA","CPI","TOT","IDX2015","M",2015-02-01,99.03172,NA
"USA","CPI","TOT","IDX2015","M",2015-03-01,99.62112,NA
"USA","CPI","TOT","IDX2015","M",2015-04-01,99.82364,NA
"USA","CPI","TOT","IDX2015","M",2015-05-01,100.3325,NA
"USA","CPI","TOT","IDX2015","M",2015-06-01,100.6839,NA
"USA","CPI","TOT","IDX2015","M",2015-07-01,100.6907,NA
"USA","CPI","TOT","IDX2015","M",2015-08-01,100.5481,NA
"USA","CPI","TOT","IDX2015","M",2015-09-01,100.3915,NA
"USA","CPI","TOT","IDX2015","M",2015-10-01,100.3464,NA
"USA","CPI","TOT","IDX2015","M",2015-11-01,100.1346,NA
"USA","CPI","TOT","IDX2015","M",2015-12-01,99.79242,NA
"USA","CPI","TOT","IDX2015","M",2016-01-01,99.95739,NA
"USA","CPI","TOT","IDX2015","M",2016-02-01,100.0397,NA
"USA","CPI","TOT","IDX2015","M",2016-03-01,100.4704,NA
"USA","CPI","TOT","IDX2015","M",2016-04-01,100.9468,NA
"USA","CPI","TOT","IDX2015","M",2016-05-01,101.3552,NA
"USA","CPI","TOT","IDX2015","M",2016-06-01,101.6881,NA
"USA","CPI","TOT","IDX2015","M",2016-07-01,101.5235,NA
"USA","CPI","TOT","IDX2015","M",2016-08-01,101.6168,NA
"USA","CPI","TOT","IDX2015","M",2016-09-01,101.861,NA
"USA","CPI","TOT","IDX2015","M",2016-10-01,101.988,NA
"USA","CPI","TOT","IDX2015","M",2016-11-01,101.8294,NA
"USA","CPI","TOT","IDX2015","M",2016-12-01,101.8627,NA
"USA","CPI","TOT","IDX2015","M",2017-01-01,102.4564,NA
"USA","CPI","TOT","IDX2015","M",2017-02-01,102.7787,NA
"USA","CPI","TOT","IDX2015","M",2017-03-01,102.8622,NA
"USA","CPI","TOT","IDX2015","M",2017-04-01,103.1673,NA
"USA","CPI","TOT","IDX2015","M",2017-05-01,103.2555,NA
"USA","CPI","TOT","IDX2015","M",2017-06-01,103.3491,NA
"USA","CPI","TOT","IDX2015","M",2017-07-01,103.2778,NA
"USA","CPI","TOT","IDX2015","M",2017-08-01,103.5871,NA
"USA","CPI","TOT","IDX2015","M",2017-09-01,104.1356,NA
"USA","CPI","TOT","IDX2015","M",2017-10-01,104.0697,NA
"USA","CPI","TOT","IDX2015","M",2017-11-01,104.0723,NA
"USA","CPI","TOT","IDX2015","M",2017-12-01,104.0111,NA
"USA","CPI","TOT","IDX2015","M",2018-01-01,104.5777,NA
"USA","CPI","TOT","IDX2015","M",2018-02-01,105.052,NA
"USA","CPI","TOT","IDX2015","M",2018-03-01,105.2895,NA
"USA","CPI","TOT","IDX2015","M",2018-04-01,105.708,NA
"USA","CPI","TOT","IDX2015","M",2018-05-01,106.1477,NA
"USA","CPI","TOT","IDX2015","M",2018-06-01,106.3168,NA
"USA","CPI","TOT","IDX2015","M",2018-07-01,106.324,NA
"USA","CPI","TOT","IDX2015","M",2018-08-01,106.3831,NA
"USA","CPI","TOT","IDX2015","M",2018-09-01,106.5067,NA
"USA","CPI","TOT","IDX2015","M",2018-10-01,106.6949,NA
"USA","CPI","TOT","IDX2015","M",2018-11-01,106.3375,NA
"USA","CPI","TOT","IDX2015","M",2018-12-01,105.9979,NA
"USA","CPI","TOT","IDX2015","M",2019-01-01,106.2,NA
"USA","CPI","TOT","IDX2015","M",2019-02-01,106.6489,NA
"USA","CPI","TOT","IDX2015","M",2019-03-01,107.2505,NA
"USA","CPI","TOT","IDX2015","M",2019-04-01,107.8184,NA
"USA","CPI","TOT","IDX2015","M",2019-05-01,108.0479,NA
"USA","CPI","TOT","IDX2015","M",2019-06-01,108.0695,NA
"USA","CPI","TOT","IDX2015","M",2019-07-01,108.25,NA
"USA","CPI","TOT","IDX2015","M",2019-08-01,108.2446,NA
"USA","CPI","TOT","IDX2015","M",2019-09-01,108.3294,NA
"USA","CPI","TOT","IDX2015","M",2019-10-01,108.577,NA
"USA","CPI","TOT","IDX2015","M",2019-11-01,108.5188,NA
"USA","CPI","TOT","IDX2015","M",2019-12-01,108.4201,NA
"USA","CPI","TOT","IDX2015","M",2020-01-01,108.8407,NA
"USA","CPI","TOT","IDX2015","M",2020-02-01,109.139,NA
"USA","CPI","TOT","IDX2015","M",2020-03-01,108.9015,NA
"USA","CPI","TOT","IDX2015","M",2020-04-01,108.1733,NA
"USA","CPI","TOT","IDX2015","M",2020-05-01,108.1754,NA
"USA","CPI","TOT","IDX2015","M",2020-06-01,108.7673,NA
"USA","CPI","TOT","IDX2015","M",2020-07-01,109.3175,NA
"USA","CPI","TOT","IDX2015","M",2020-08-01,109.6622,NA
"USA","CPI","TOT","IDX2015","M",2020-09-01,109.8149,NA
"USA","CPI","TOT","IDX2015","M",2020-10-01,109.8605,NA
"USA","CPI","TOT","IDX2015","M",2020-11-01,109.7934,NA
"USA","CPI","TOT","IDX2015","M",2020-12-01,109.8968,NA
"USA","CPI","TOT","IDX2015","M",2021-01-01,110.3642,NA
"USA","CPI","TOT","IDX2015","M",2021-02-01,110.9684,NA
"USA","CPI","TOT","IDX2015","M",2021-03-01,111.7544,NA
"USA","CPI","TOT","IDX2015","M",2021-04-01,112.6729,NA
"USA","CPI","TOT","IDX2015","M",2021-05-01,113.5762,NA
"USA","CPI","TOT","IDX2015","M",2021-06-01,114.6314,NA
"USA","CPI","TOT","IDX2015","M",2021-07-01,115.1829,NA
"USA","CPI","TOT","IDX2015","M",2021-08-01,115.4208,NA
"USA","CPI","TOT","IDX2015","M",2021-09-01,115.7343,NA
"USA","CPI","TOT","IDX2015","M",2021-10-01,116.6958,NA
"USA","CPI","TOT","IDX2015","M",2021-11-01,117.2692,NA
"USA","CPI","TOT","IDX2015","M",2021-12-01,117.6295,NA
"USA","CPI","TOT","IDX2015","M",2022-01-01,118.6193,NA
"USA","CPI","TOT","IDX2015","M",2022-02-01,119.7028,NA
"USA","CPI","TOT","IDX2015","M",2022-03-01,121.301,NA
"USA","CPI","TOT","IDX2015","M",2022-04-01,121.9782,NA
"USA","CPI","TOT","IDX2015","M",2022-05-01,123.3228,NA
"USA","CPI","TOT","IDX2015","M",2022-06-01,125.0168,NA
"USA","CPI","TOT","IDX2015","M",2022-07-01,125.002,NA
"USA","CPI","TOT","IDX2015","M",2022-08-01,124.9577,NA
"USA","CPI","TOT","IDX2015","M",2022-09-01,125.2265,NA
"USA","CPI","TOT","IDX2015","M",2022-10-01,125.7344,NA
"USA","CPI","TOT","IDX2015","M",2022-11-01,125.6074,NA
"USA","CPI","TOT","IDX2015","M",2022-12-01,125.2218,NA
"USA","CPI","TOT","IDX2015","M",2023-01-01,126.223,NA
"USA","CPI","TOT","IDX2015","M",2023-02-01,126.9276,NA
"USA","CPI","TOT","IDX2015","M",2023-03-01,127.3478,NA
"USA","CPI","TOT","IDX2015","M",2023-04-01,127.9921,NA
"USA","CPI","TOT","IDX2015","M",2023-05-01,128.3144,NA
"USA","CPI","TOT","IDX2015","M",2023-06-01,128.7287,NA
"USA","CPI","TOT","IDX2015","M",2023-07-01,128.9743,NA
"USA","CPI","TOT","IDX2015","M",2023-08-01,129.5375,NA
